{
  "min": -0.6603640587010594,
  "max": -0.38582678596696884
}